cve_id,priority,epss,cvss,cvss_version,cvss_severity,cisa_kev,cpe,vendor,product
CVE-2015-3306,Priority 1,0.97188,10.0,CVSS 2.0,HIGH,FALSE,cpe:2.3:a:proftpd:proftpd:1.3.5:*:*:*:*:*:*:*,proftpd,proftpd
CVE-2021-46854,Priority 2,0.00113,7.5,CVSS 3.1,HIGH,FALSE,cpe:2.3:a:proftpd:proftpd:*:*:*:*:*:*:*:*,proftpd,proftpd
CVE-2020-9272,Priority 2,0.0016,7.5,CVSS 3.1,HIGH,FALSE,cpe:2.3:a:proftpd:proftpd:*:*:*:*:*:*:*:*,proftpd,proftpd
CVE-2019-19272,Priority 2,0.00102,7.5,CVSS 3.1,HIGH,FALSE,cpe:2.3:a:proftpd:proftpd:*:*:*:*:*:*:*:*,proftpd,proftpd
CVE-2019-19271,Priority 2,0.00084,7.5,CVSS 3.1,HIGH,FALSE,cpe:2.3:a:proftpd:proftpd:*:*:*:*:*:*:*:*,proftpd,proftpd
CVE-2019-19270,Priority 2,0.00291,7.5,CVSS 3.1,HIGH,FALSE,cpe:2.3:a:proftpd:proftpd:*:*:*:*:*:*:*:*,proftpd,proftpd
CVE-2019-18217,Priority 1,0.94556,7.5,CVSS 3.1,HIGH,FALSE,cpe:2.3:a:proftpd:proftpd:*:*:*:*:*:*:*:*,proftpd,proftpd
CVE-2016-3125,Priority 2,0.00569,7.5,CVSS 3.0,HIGH,FALSE,cpe:2.3:a:proftpd:proftpd:*:a:*:*:*:*:*:*,proftpd,proftpd
CVE-2013-4359,Priority 4,0.0198,5.0,CVSS 2.0,MEDIUM,FALSE,cpe:2.3:a:proftpd:proftpd:1.3.4:d:*:*:*:*:*:*,proftpd,proftpd
CVE-2017-7418,Priority 4,0.00042,5.5,CVSS 3.0,MEDIUM,FALSE,cpe:2.3:a:proftpd:proftpd:*:d:*:*:*:*:*:*,proftpd,proftpd
CVE-2015-5600,Priority 2,0.16437,8.5,CVSS 2.0,HIGH,FALSE,cpe:2.3:a:openbsd:openssh:*:*:*:*:*:*:*:*,openbsd,openssh
CVE-2015-6564,Priority 2,0.00044,6.9,CVSS 2.0,MEDIUM,FALSE,cpe:2.3:a:openbsd:openssh:*:*:*:*:*:*:*:*,openbsd,openssh
CVE-2018-15919,Priority 4,0.00257,5.3,CVSS 3.0,MEDIUM,FALSE,cpe:2.3:a:openbsd:openssh:*:*:*:*:*:*:*:*,openbsd,openssh
CVE-2020-14145,Priority 4,0.00209,5.9,CVSS 3.1,MEDIUM,FALSE,cpe:2.3:a:openbsd:openssh:*:*:*:*:*:*:*:*,openbsd,openssh
CVE-2015-5352,Priority 4,0.01236,4.3,CVSS 2.0,MEDIUM,FALSE,cpe:2.3:a:openbsd:openssh:*:*:*:*:*:*:*:*,openbsd,openssh
CVE-2015-6563,Priority 4,0.00044,1.9,CVSS 2.0,LOW,FALSE,cpe:2.3:a:openbsd:openssh:*:*:*:*:*:*:*:*,openbsd,openssh
CVE-2022-31813,Priority 2,0.01063,9.8,CVSS 3.1,CRITICAL,FALSE,cpe:2.3:a:apache:http_server:*:*:*:*:*:*:*:*,apache,http_server
CVE-2022-23943,Priority 2,0.19895,9.8,CVSS 3.1,CRITICAL,FALSE,cpe:2.3:a:apache:http_server:*:*:*:*:*:*:*:*,apache,http_server
CVE-2022-22720,Priority 2,0.01559,9.8,CVSS 3.1,CRITICAL,FALSE,cpe:2.3:a:apache:http_server:*:*:*:*:*:*:*:*,apache,http_server
CVE-2021-44790,Priority 2,0.08326,9.8,CVSS 3.1,CRITICAL,FALSE,cpe:2.3:a:apache:http_server:*:*:*:*:*:*:*:*,apache,http_server
CVE-2021-39275,Priority 2,0.00443,9.8,CVSS 3.1,CRITICAL,FALSE,cpe:2.3:a:apache:http_server:*:*:*:*:*:*:*:*,apache,http_server
CVE-2021-26691,Priority 1,0.73777,9.8,CVSS 3.1,CRITICAL,FALSE,cpe:2.3:a:apache:http_server:*:*:*:*:*:*:*:*,apache,http_server
CVE-2017-7679,Priority 2,0.00643,9.8,CVSS 3.0,CRITICAL,FALSE,cpe:2.3:a:apache:http_server:*:*:*:*:*:*:*:*,apache,http_server
CVE-2017-3167,Priority 2,0.01399,9.8,CVSS 3.1,CRITICAL,FALSE,cpe:2.3:a:apache:http_server:*:*:*:*:*:*:*:*,apache,http_server
CVE-2021-40438,Priority 1+,0.97372,9.0,CVSS 3.1,CRITICAL,TRUE,cpe:2.3:a:apache:http_server:*:*:*:*:*:*:*:*,apache,http_server
CVE-2020-35452,Priority 2,0.0022,7.3,CVSS 3.1,HIGH,FALSE,cpe:2.3:a:apache:http_server:*:*:*:*:*:*:*:*,apache,http_server
CVE-2018-1312,Priority 2,0.01815,9.8,CVSS 3.1,CRITICAL,FALSE,cpe:2.3:a:apache:http_server:2.4.1:*:*:*:*:*:*:*,apache,http_server
CVE-2017-15715,Priority 1,0.96163,8.1,CVSS 3.0,HIGH,FALSE,cpe:2.3:a:apache:http_server:*:*:*:*:*:*:*:*,apache,http_server
CVE-2016-5387,Priority 1,0.20022,8.1,CVSS 3.1,HIGH,FALSE,cpe:2.3:a:apache:http_server:*:*:*:*:*:*:*:*,apache,http_server
CVE-2014-0226,Priority 1,0.95633,6.8,CVSS 2.0,MEDIUM,FALSE,cpe:2.3:a:apache:http_server:*:*:*:*:*:*:*:*,apache,http_server
CVE-2022-28615,Priority 2,0.01475,9.1,CVSS 3.1,CRITICAL,FALSE,cpe:2.3:a:apache:http_server:*:*:*:*:*:*:*:*,apache,http_server
CVE-2021-44224,Priority 1,0.32277,8.2,CVSS 3.1,HIGH,FALSE,cpe:2.3:a:apache:http_server:*:*:*:*:*:*:*:*,apache,http_server
CVE-2017-9788,Priority 1,0.46783,9.1,CVSS 3.0,CRITICAL,FALSE,cpe:2.3:a:apache:http_server:*:*:*:*:*:*:*:*,apache,http_server
CVE-2019-0217,Priority 2,0.00181,7.5,CVSS 3.1,HIGH,FALSE,cpe:2.3:a:apache:http_server:*:*:*:*:*:*:*:*,apache,http_server
CVE-2022-22721,Priority 2,0.00448,9.1,CVSS 3.1,CRITICAL,FALSE,cpe:2.3:a:apache:http_server:*:*:*:*:*:*:*:*,apache,http_server
CVE-2020-1927,Priority 2,0.00258,6.1,CVSS 3.1,MEDIUM,FALSE,cpe:2.3:a:apache:http_server:*:*:*:*:*:*:*:*,apache,http_server
CVE-2019-10098,Priority 2,0.10593,6.1,CVSS 3.1,MEDIUM,FALSE,cpe:2.3:a:apache:http_server:*:*:*:*:*:*:*:*,apache,http_server
CVE-2022-36760,Priority 2,0.02237,9.0,CVSS 3.1,CRITICAL,FALSE,cpe:2.3:a:apache:http_server:*:*:*:*:*:*:*:*,apache,http_server
CVE-2023-31122,Priority 2,0.00759,7.5,CVSS 3.1,HIGH,FALSE,cpe:2.3:a:apache:http_server:*:*:*:*:*:*:*:*,apache,http_server
CVE-2022-37436,Priority 4,0.00084,5.3,CVSS 3.1,MEDIUM,FALSE,cpe:2.3:a:apache:http_server:*:*:*:*:*:*:*:*,apache,http_server
CVE-2022-30556,Priority 2,0.00453,7.5,CVSS 3.1,HIGH,FALSE,cpe:2.3:a:apache:http_server:*:*:*:*:*:*:*:*,apache,http_server
CVE-2022-29404,Priority 2,0.04521,7.5,CVSS 3.1,HIGH,FALSE,cpe:2.3:a:apache:http_server:*:*:*:*:*:*:*:*,apache,http_server
CVE-2022-28614,Priority 4,0.00346,5.3,CVSS 3.1,MEDIUM,FALSE,cpe:2.3:a:apache:http_server:*:*:*:*:*:*:*:*,apache,http_server
CVE-2022-26377,Priority 2,0.00903,7.5,CVSS 3.1,HIGH,FALSE,cpe:2.3:a:apache:http_server:*:*:*:*:*:*:*:*,apache,http_server
CVE-2022-22719,Priority 1,0.42761,7.5,CVSS 3.1,HIGH,FALSE,cpe:2.3:a:apache:http_server:*:*:*:*:*:*:*:*,apache,http_server
CVE-2021-34798,Priority 2,0.00459,7.5,CVSS 3.1,HIGH,FALSE,cpe:2.3:a:apache:http_server:*:*:*:*:*:*:*:*,apache,http_server
CVE-2021-26690,Priority 2,0.09474,7.5,CVSS 3.1,HIGH,FALSE,cpe:2.3:a:apache:http_server:*:*:*:*:*:*:*:*,apache,http_server
CVE-2020-1934,Priority 4,0.00173,5.3,CVSS 3.1,MEDIUM,FALSE,cpe:2.3:a:apache:http_server:*:*:*:*:*:*:*:*,apache,http_server
CVE-2019-17567,Priority 4,0.0028,5.3,CVSS 3.1,MEDIUM,FALSE,cpe:2.3:a:apache:http_server:*:*:*:*:*:*:*:*,apache,http_server
CVE-2019-0220,Priority 4,0.0051,5.3,CVSS 3.0,MEDIUM,FALSE,cpe:2.3:a:apache:http_server:*:*:*:*:*:*:*:*,apache,http_server
CVE-2018-17199,Priority 2,0.00171,7.5,CVSS 3.0,HIGH,FALSE,cpe:2.3:a:apache:http_server:*:*:*:*:*:*:*:*,apache,http_server
CVE-2018-1303,Priority 1,0.96339,7.5,CVSS 3.0,HIGH,FALSE,cpe:2.3:a:apache:http_server:*:*:*:*:*:*:*:*,apache,http_server
CVE-2017-9798,Priority 1,0.97305,7.5,CVSS 3.1,HIGH,FALSE,cpe:2.3:a:apache:http_server:*:*:*:*:*:*:*:*,apache,http_server
CVE-2017-15710,Priority 2,0.02321,7.5,CVSS 3.0,HIGH,FALSE,cpe:2.3:a:apache:http_server:2.4.1:*:*:*:*:*:*:*,apache,http_server
CVE-2016-8743,Priority 2,0.0027,7.5,CVSS 3.1,HIGH,FALSE,cpe:2.3:a:apache:http_server:*:*:*:*:*:*:*:*,apache,http_server
CVE-2016-2161,Priority 2,0.02958,7.5,CVSS 3.0,HIGH,FALSE,cpe:2.3:a:apache:http_server:2.4.0:*:*:*:*:*:*:*,apache,http_server
CVE-2016-0736,Priority 2,0.01098,7.5,CVSS 3.0,HIGH,FALSE,cpe:2.3:a:apache:http_server:2.4.0:*:*:*:*:*:*:*,apache,http_server
CVE-2015-3183,Priority 4,0.07178,5.0,CVSS 2.0,MEDIUM,FALSE,cpe:2.3:a:apache:http_server:*:*:*:*:*:*:*:*,apache,http_server
CVE-2015-0228,Priority 4,0.04041,5.0,CVSS 2.0,MEDIUM,FALSE,cpe:2.3:a:apache:http_server:*:*:*:*:*:*:*:*,apache,http_server
CVE-2014-3581,Priority 4,0.06563,5.0,CVSS 2.0,MEDIUM,FALSE,cpe:2.3:a:apache:http_server:2.4.1:*:*:*:*:*:*:*,apache,http_server
CVE-2014-0231,Priority 3,0.31292,5.0,CVSS 2.0,MEDIUM,FALSE,cpe:2.3:a:apache:http_server:*:*:*:*:*:*:*:*,apache,http_server
CVE-2014-0098,Priority 3,0.22388,5.0,CVSS 2.0,MEDIUM,FALSE,cpe:2.3:a:apache:http_server:*:*:*:*:*:*:*:*,apache,http_server
CVE-2013-6438,Priority 4,0.03544,5.0,CVSS 2.0,MEDIUM,FALSE,cpe:2.3:a:apache:http_server:*:*:*:*:*:*:*:*,apache,http_server
CVE-2013-5704,Priority 3,0.46729,5.0,CVSS 2.0,MEDIUM,FALSE,cpe:2.3:a:apache:http_server:2.2.0:*:*:*:*:*:*:*,apache,http_server
CVE-2006-20001,Priority 2,0.00125,7.5,CVSS 3.1,HIGH,FALSE,cpe:2.3:a:apache:http_server:*:*:*:*:*:*:*:*,apache,http_server
CVE-2020-11985,Priority 4,0.00263,5.3,CVSS 3.1,MEDIUM,FALSE,cpe:2.3:a:apache:http_server:*:*:*:*:*:*:*:*,apache,http_server
CVE-2019-10092,Priority 2,0.07116,6.1,CVSS 3.1,MEDIUM,FALSE,cpe:2.3:a:apache:http_server:*:*:*:*:*:*:*:*,apache,http_server
CVE-2018-1302,Priority 4,0.01906,5.9,CVSS 3.0,MEDIUM,FALSE,cpe:2.3:a:apache:http_server:*:*:*:*:*:*:*:*,apache,http_server
CVE-2018-1301,Priority 4,0.00921,5.9,CVSS 3.0,MEDIUM,FALSE,cpe:2.3:a:apache:http_server:*:*:*:*:*:*:*:*,apache,http_server
CVE-2016-4975,Priority 2,0.00399,6.1,CVSS 3.0,MEDIUM,FALSE,cpe:2.3:a:apache:http_server:2.2.0:*:*:*:*:*:*:*,apache,http_server
CVE-2015-3185,Priority 4,0.00522,4.3,CVSS 2.0,MEDIUM,FALSE,cpe:2.3:o:canonical:ubuntu_linux:12.04:*:*:*:lts:*:*:*,canonical,ubuntu_linux
CVE-2014-8109,Priority 4,0.0022,4.3,CVSS 2.0,MEDIUM,FALSE,cpe:2.3:a:apache:http_server:2.4.1:*:*:*:*:*:*:*,apache,http_server
CVE-2014-0118,Priority 3,0.5361,4.3,CVSS 2.0,MEDIUM,FALSE,cpe:2.3:a:apache:http_server:*:*:*:*:*:*:*:*,apache,http_server
CVE-2014-0117,Priority 3,0.96497,4.3,CVSS 2.0,MEDIUM,FALSE,cpe:2.3:a:apache:http_server:2.4.6:*:*:*:*:*:*:*,apache,http_server
CVE-2018-1283,Priority 4,0.00176,5.3,CVSS 3.0,MEDIUM,FALSE,cpe:2.3:a:apache:http_server:*:*:*:*:*:*:*:*,apache,http_server
CVE-2016-8612,Priority 4,0.00114,4.3,CVSS 3.0,MEDIUM,FALSE,cpe:2.3:a:apache:http_server:*:*:*:*:*:*:*:*,apache,http_server
CVE-2023-45802,Priority 4,0.00177,5.9,CVSS 3.1,MEDIUM,FALSE,cpe:2.3:a:apache:http_server:*:*:*:*:*:*:*:*,apache,http_server
CVE-2012-5519,Priority 2,0.0011,7.2,CVSS 2.0,HIGH,FALSE,cpe:2.3:a:apple:cups:1.4.4:*:*:*:*:*:*:*,apple,cups
CVE-2014-5031,Priority 4,0.00525,5.0,CVSS 2.0,MEDIUM,FALSE,cpe:2.3:a:apple:cups:*:*:*:*:*:*:*:*,apple,cups
CVE-2014-2856,Priority 4,0.00864,4.3,CVSS 2.0,MEDIUM,FALSE,cpe:2.3:a:apple:cups:*:*:*:*:*:*:*:*,apple,cups
CVE-2014-5030,Priority 4,0.00042,1.9,CVSS 2.0,LOW,FALSE,cpe:2.3:o:canonical:ubuntu_linux:10.04:*:*:*:lts:*:*:*,canonical,ubuntu_linux
CVE-2014-3537,Priority 4,0.00062,1.2,CVSS 2.0,LOW,FALSE,cpe:2.3:a:apple:cups:*:*:*:*:*:*:*:*,apple,cups
CVE-2013-6891,Priority 4,0.00042,1.2,CVSS 2.0,LOW,FALSE,cpe:2.3:a:apple:cups:*:*:*:*:*:*:*:*,apple,cups
